id,value,feed_id,created_at,lat,lon,ele
0G1D8FME8EFZT7WM7NWKGZE3EE,-65,3243843,2025-11-25 13:55:26 UTC,,,
0G1D8FNAN3RYBQAGMDPT31M803,-65,3243843,2025-11-25 13:55:28 UTC,,,
0G1D8FQ52GZ49TKS7GY2YDGMBR,-53,3243843,2025-11-25 13:55:34 UTC,,,
0G1D8FR378QDCKEY9PSMEW56SN,-52,3243843,2025-11-25 13:55:38 UTC,,,
0G1D8FS0FZ98ZF49HQHJXQBTS0,-53,3243843,2025-11-25 13:55:41 UTC,,,
0G1D8FSX2KERQWBH1MNTGEP4YW,-58,3243843,2025-11-25 13:55:43 UTC,,,
0G1D8FTT8G39HK9E9GDKFTMSK2,-54,3243843,2025-11-25 13:55:46 UTC,,,
0G1D8FXJPFT8EKKM5K9SGVA277,-74,3243843,2025-11-25 13:55:56 UTC,,,
0G1D8FYFP2TBN286X9AX5AMTBB,-62,3243843,2025-11-25 13:55:58 UTC,,,
0G1D8FZDA4TYP44ND47ES1JGDJ,-65,3243843,2025-11-25 13:56:02 UTC,,,
0G1D8G0A3YV5VB0PDPQWNN0636,-60,3243843,2025-11-25 13:56:04 UTC,,,
0G1D8G1939PY8R6G47ST2PZ4S3,-61,3243843,2025-11-25 13:56:08 UTC,,,
0G1D8G32WRY5PSED0A28318XHD,-65,3243843,2025-11-25 13:56:14 UTC,,,
0G1D8G3ZBB05DSJJZZTHY8MSVY,-71,3243843,2025-11-25 13:56:16 UTC,,,
0G1D8G4WN1NCD9SGV1V0H8RGJH,-68,3243843,2025-11-25 13:56:19 UTC,,,
0G1D8G5T0EGQPSP9309GSR3EB4,-59,3243843,2025-11-25 13:56:22 UTC,,,
0G1D8G7MQ1XFJKV4BFXZXRQBN7,-64,3243843,2025-11-25 13:56:28 UTC,,,
0G1D8G8JDD3DJ38M9QJFMVTNQ4,-71,3243843,2025-11-25 13:56:32 UTC,,,
0G1D8G9F552JBTRCGQYXS6KQAB,-80,3243843,2025-11-25 13:56:34 UTC,,,
0G1D8GACGYVT0BJZSVSK3XVWWC,-67,3243843,2025-11-25 13:56:37 UTC,,,
0G1D8GBDHNJWDTBHECJDWKAEHZ,-60,3243843,2025-11-25 13:56:41 UTC,,,
0G1D8GXN5A1KZ6Q7GPH0SF48E6,-70,3243843,2025-11-25 13:57:41 UTC,,,
0G1D8GZG4DHNR99A0WX136ENT8,-68,3243843,2025-11-25 13:57:47 UTC,,,
0G1D8H0P2M2P73DWK5JGGXJ6MG,-67,3243843,2025-11-25 13:57:51 UTC,,,
0G1D8H1J5W792YJA3V9JRJ9DPJ,-65,3243843,2025-11-25 13:57:53 UTC,,,
0G1D8H2FKF9X0VMJS060M1V5VA,-66,3243843,2025-11-25 13:57:56 UTC,,,
0G1D8H3CXXHQ7NRD4G57F53F35,-67,3243843,2025-11-25 13:57:59 UTC,,,
0G1D8H4ANDYNHGQS65QKFW67V1,-70,3243843,2025-11-25 13:58:02 UTC,,,
0G1D8H57K71CRHE9V36NXRW086,-65,3243843,2025-11-25 13:58:05 UTC,,,
0G1D8H657D0R4B4V2VKWVM6THY,-73,3243843,2025-11-25 13:58:08 UTC,,,
0G1D8H725NSXG1SJHPW8THY3GZ,-68,3243843,2025-11-25 13:58:11 UTC,,,
0G1D8H80TW5SA3VR8T3SQDZK5W,-81,3243843,2025-11-25 13:58:15 UTC,,,
0G1D8H8XTRFM55B3GK44JD0XDV,-79,3243843,2025-11-25 13:58:18 UTC,,,
0G1D8H9YG0CD30VQGVJ8XYDH99,-83,3243843,2025-11-25 13:58:21 UTC,,,
0G1D8HARMR0PEQNWM61FESGRJS,-79,3243843,2025-11-25 13:58:24 UTC,,,
0G1D8J6BA7MX4VQQF9ZG3G6SKF,-67,3243843,2025-11-25 13:59:54 UTC,,,
0G1D8J7879E71RHEASJ489YGM6,-64,3243843,2025-11-25 13:59:57 UTC,,,
0G1D8J883P432DX47J7ATK84XD,-62,3243843,2025-11-25 14:00:00 UTC,,,
0G1D8J94WHY820VJQCZW48BJ6M,-61,3243843,2025-11-25 14:00:03 UTC,,,
0G1D8JA32KFWA89WZJKHQNR19V,-69,3243843,2025-11-25 14:00:06 UTC,,,
0G1D8JBZY7FT5HT2F40GYY0NWP,-64,3243843,2025-11-25 14:00:12 UTC,,,
0G1D8JXJ9GGHCVS1BAREAMTAXP,-75,3243843,2025-11-25 14:01:10 UTC,,,
0G1D8K091E7EC0YQ30YGGFQC4J,-68,3243843,2025-11-25 14:01:19 UTC,,,
0G1D8K3580SFVCKH3YZKHYV7SW,-78,3243843,2025-11-25 14:01:28 UTC,,,
0G1D8K49P6G9XA07YS8DSJ64N5,-72,3243843,2025-11-25 14:01:32 UTC,,,
0G1D8K795JJ3G7BWGMEQDFPDSM,-71,3243843,2025-11-25 14:01:42 UTC,,,
0G1D8K9THZFRXJYYATFNN27W6T,-72,3243843,2025-11-25 14:01:50 UTC,,,
0G1D8KAQN74KZERV6DAAMR32QE,-72,3243843,2025-11-25 14:01:53 UTC,,,
0G1D8KCTHRMSG5XTCFA3B0NA50,-70,3243843,2025-11-25 14:02:00 UTC,,,
0G1D8KDS8V5FTRCQ7YSA51A9YZ,-71,3243843,2025-11-25 14:02:03 UTC,,,
0G1D8KFS46J3BYFTHVK08TN23K,-71,3243843,2025-11-25 14:02:10 UTC,,,
0G1D8KPXN0D0Q6JSJ50R8VF9CQ,-76,3243843,2025-11-25 14:02:33 UTC,,,
0G1D8KZBF3VSEFKDSXKSQJM55G,-65,3243843,2025-11-25 14:03:01 UTC,,,
0G1D8M0GHJ7ZEM56W1PQ71T82B,-68,3243843,2025-11-25 14:03:05 UTC,,,
0G1D8M66KY2GR6KQRTZDW6E6M3,-69,3243843,2025-11-25 14:03:23 UTC,,,
0G1D8M86ZA2M4R8PDBP90PQYJX,-72,3243843,2025-11-25 14:03:30 UTC,,,
0G1D8MA5P3FD2E3Z2NG2K2KAJJ,-67,3243843,2025-11-25 14:03:36 UTC,,,
0G1D8MB35TEBTR1HZCT025CNGW,-74,3243843,2025-11-25 14:03:39 UTC,,,
0G1D8MC16Q12TQGMKTZ1X96V3X,-66,3243843,2025-11-25 14:03:42 UTC,,,
0G1D8MCZCW284ZQQYA83X0EZS3,-67,3243843,2025-11-25 14:03:45 UTC,,,
0G1D8MDV7YHCV1K86C7055TGGB,-76,3243843,2025-11-25 14:03:48 UTC,,,
0G1D8MER8FT7BS8ARQ69B9C40G,-72,3243843,2025-11-25 14:03:51 UTC,,,
0G1D8MFNH5PVJPXKEG6XF4V9SK,-75,3243843,2025-11-25 14:03:54 UTC,,,
0G1D8MGJT46K15H4EC32VVFXW3,-67,3243843,2025-11-25 14:03:57 UTC,,,
0G1D8MHHFGD8XK9SPGHGX3P5Y7,-70,3243843,2025-11-25 14:04:00 UTC,,,
0G1D8MJDBYE1QJZAPQZMJ163P8,-56,3243843,2025-11-25 14:04:03 UTC,,,
0G1D8MKAXGVH6SX5232GM44MJR,-69,3243843,2025-11-25 14:04:06 UTC,,,
0G1D8MM80W2RTV4N52MQTPWDZZ,-62,3243843,2025-11-25 14:04:09 UTC,,,
0G1D8MN6CH58PEQDDFA384EXMW,-67,3243843,2025-11-25 14:04:12 UTC,,,
0G1D8NR05ZTTT3B5C1TMVR3MFN,-77,3243843,2025-11-25 14:06:06 UTC,,,
0G1D8P4ACFPZR63M13ZYXFRSYH,-75,3243843,2025-11-25 14:06:47 UTC,,,
0G1D8P5BWKSBN0CQJESK4KZJGT,-68,3243843,2025-11-25 14:06:50 UTC,,,
0G1D8P69D2HFN8X0P759ZWV3A2,-69,3243843,2025-11-25 14:06:53 UTC,,,
0G1D8P8NJTBKEWYFKMNH8GSKX3,-72,3243843,2025-11-25 14:07:01 UTC,,,
0G1D8P9M6EMT58DHJ96ZWHYBX8,-70,3243843,2025-11-25 14:07:04 UTC,,,
0G1D8PAGBSKVBV27NM2TGJV8M5,-73,3243843,2025-11-25 14:07:07 UTC,,,
0G1D8PCCKH9XP5X8AXFAQPHY5Y,-72,3243843,2025-11-25 14:07:13 UTC,,,
0G1D8PPRARNFKEZVZDBF09MFFX,-60,3243843,2025-11-25 14:07:47 UTC,,,
0G1D8PQQBGB1HSMWMHG5V96G32,-56,3243843,2025-11-25 14:07:50 UTC,,,
0G1D8PRKFJF82P18KR18C4J29G,-55,3243843,2025-11-25 14:07:53 UTC,,,
0G1D8PSK9JJH63DD2CTSA3VDZ7,-59,3243843,2025-11-25 14:07:56 UTC,,,
0G1D8PTETDX4868Y0PYP560SYB,-60,3243843,2025-11-25 14:07:59 UTC,,,
0G1D8PW9ENWT32EZMVH4PVJCRN,-58,3243843,2025-11-25 14:08:05 UTC,,,
0G1D8PX6R9Q9MR4VH6CHXG3H9B,-56,3243843,2025-11-25 14:08:08 UTC,,,
0G1D8PY4BECMRW27E0XG7BKD32,-52,3243843,2025-11-25 14:08:11 UTC,,,
0G1D8PZ1E7AY97KP584CA0WZKS,-52,3243843,2025-11-25 14:08:14 UTC,,,
0G1D8PZYS0EN2365K8XB0C1D0K,-52,3243843,2025-11-25 14:08:17 UTC,,,
0G1D8Q0W14S3ZFR2X751VEAC4J,-52,3243843,2025-11-25 14:08:20 UTC,,,
0G1D8Q1SAJ7E4DBGA21KRYVACX,-55,3243843,2025-11-25 14:08:23 UTC,,,
0G1D8Q2PKMHMW639YZT3FKQEJB,-57,3243843,2025-11-25 14:08:26 UTC,,,
0G1D8Q3KWCG70DXKF23VPZPRKK,-61,3243843,2025-11-25 14:08:29 UTC,,,
0G1D8Q4H6V3JKC1XZV1KD6SPD6,-58,3243843,2025-11-25 14:08:32 UTC,,,
0G1D8Q5EJF3JR2QH5X2XEDKJVD,-50,3243843,2025-11-25 14:08:35 UTC,,,
0G1D8Q6BXTGJV07T9CTPNKT72Q,-65,3243843,2025-11-25 14:08:38 UTC,,,
0G1D8Q793NQAKJYKYGAJ5QJZ7J,-60,3243843,2025-11-25 14:08:41 UTC,,,
0G1D8Q876G5N8JF1CE9HTYJKXR,-61,3243843,2025-11-25 14:08:44 UTC,,,
0G1D8Q941YYHMQ3AR1Y1C61MDP,-53,3243843,2025-11-25 14:08:47 UTC,,,
0G1D8QA123SXPW9ZJR25NB3EN8,-59,3243843,2025-11-25 14:08:50 UTC,,,
0G1D8QAYBNX32E8986152T3RF7,-51,3243843,2025-11-25 14:08:53 UTC,,,
0G1D8QBWZDSNGG5WY4Y18J0E1B,-66,3243843,2025-11-25 14:08:56 UTC,,,
0G1D8QCSA94PHPSG57GVWE4CST,-64,3243843,2025-11-25 14:08:59 UTC,,,
0G1D8QDQFC5E2SXHWCMMFFZ0T5,-76,3243843,2025-11-25 14:09:02 UTC,,,
0G1D8R0DMYAXYV1W5RVFP5TJ2A,-77,3243843,2025-11-25 14:10:04 UTC,,,
0G1D8R2ZJEVBNXJENV4BJD489H,-80,3243843,2025-11-25 14:10:12 UTC,,,
0G1D8R4KQB3V6WDQ26A30XQ1CJ,-78,3243843,2025-11-25 14:10:17 UTC,,,
0G1D8R5HNNPNPZCEPKQVW2XXGM,-74,3243843,2025-11-25 14:10:20 UTC,,,
0G1D8R6G3P5S7W0S0VP1JE4KEV,-76,3243843,2025-11-25 14:10:24 UTC,,,
0G1D8R7DAR6S22H3VXQQ85XQ6F,-68,3243843,2025-11-25 14:10:27 UTC,,,
0G1D8R8AHXHB8X5BJWTHCBDF3Z,-69,3243843,2025-11-25 14:10:30 UTC,,,
0G1D8R97VMFRWJE7DKZ2DSYAVD,-73,3243843,2025-11-25 14:10:33 UTC,,,
0G1D8RA63GJEW9XVVRC8QBSV3Y,-75,3243843,2025-11-25 14:10:36 UTC,,,
0G1D8S3MJ9HNM6PXDSNSP2QDVD,-78,3243843,2025-11-25 14:11:59 UTC,,,
0G1D8S4N2PAWBTH300665T2X45,-74,3243843,2025-11-25 14:12:02 UTC,,,
0G1D8S5J8529ZZ1P8V35RAVMQM,-84,3243843,2025-11-25 14:12:05 UTC,,,
0G1D8SMMGGC0JD2QWS958PF9GX,-72,3243843,2025-11-25 14:12:55 UTC,,,
0G1D8SV8ME70QRHJJYRP0P30WC,-77,3243843,2025-11-25 14:13:16 UTC,,,
0G1D8SWJKRETKKK5X46YP23G85,-73,3243843,2025-11-25 14:13:21 UTC,,,
0G1D8SXFWB7GTQQPX3K5J9Y13D,-73,3243843,2025-11-25 14:13:24 UTC,,,
0G1D8SYDNAHSHAM94937897AHJ,-75,3243843,2025-11-25 14:13:27 UTC,,,
0G1D8SZB2GG6FXPF098VCND9ST,-77,3243843,2025-11-25 14:13:30 UTC,,,
0G1D8T092TTP3SSYQ59VXRB8ZG,-76,3243843,2025-11-25 14:13:33 UTC,,,
0G1D8T1679JJG90Q2AGV6C7TQY,-76,3243843,2025-11-25 14:13:36 UTC,,,
0G1D8T23G736BP2Q8F3KVF2P6A,-76,3243843,2025-11-25 14:13:39 UTC,,,
0G1D8T30TB7Y1RQN9SKV3EBC5R,-75,3243843,2025-11-25 14:13:42 UTC,,,
0G1D8T3Y409R1H5DPMKM22CY96,-78,3243843,2025-11-25 14:13:45 UTC,,,
0G1D8T4VEDHA1NE5KK9S9VTG9C,-78,3243843,2025-11-25 14:13:48 UTC,,,
0G1D8T5RQBNTKCSQMA5CXJEEJX,-74,3243843,2025-11-25 14:13:51 UTC,,,
0G1D8T6P51PYHBC009CMT4MBJQ,-76,3243843,2025-11-25 14:13:54 UTC,,,
0G1D8T7KCECZRT688TEE5TWX6N,-75,3243843,2025-11-25 14:13:57 UTC,,,
0G1D8T8GN9CKBYV8QJGN53ES02,-79,3243843,2025-11-25 14:14:00 UTC,,,
0G1D8T9DXT44QP0XYCWQ41DXMG,-75,3243843,2025-11-25 14:14:03 UTC,,,
0G1D8TAB8C20G6Y036MF5JMMRG,-75,3243843,2025-11-25 14:14:06 UTC,,,
0G1D8TB8PZ4GY0C595JBY46HHA,-75,3243843,2025-11-25 14:14:09 UTC,,,
0G1D8TC60G6KC57MD3QQ1CK3KA,-75,3243843,2025-11-25 14:14:12 UTC,,,
0G1D8TD36SZW0MBNRF0WQSM74P,-75,3243843,2025-11-25 14:14:15 UTC,,,
0G1D8TE0FMFGAS5MRVW50JY88K,-75,3243843,2025-11-25 14:14:18 UTC,,,
0G1D8TEXTNY2YMNTP2NEK32CB5,-74,3243843,2025-11-25 14:14:21 UTC,,,
0G1D8TFWVZ43V734SKBTHB30CD,-82,3243843,2025-11-25 14:14:24 UTC,,,
0G1D8TQ8NBEK1GZP6DN9H17PXM,-82,3243843,2025-11-25 14:14:48 UTC,,,
0G1D8TRDWKWQ53Y5BBN7X3FJZ0,-82,3243843,2025-11-25 14:14:52 UTC,,,
0G1D8V22XGNQCY5DW7EPQSD190,-84,3243843,2025-11-25 14:15:24 UTC,,,
0G1D8V3BND8G219M2HWMG38CGJ,-82,3243843,2025-11-25 14:15:28 UTC,,,
0G1D8V490X4HP3HMRSBQAW6RWT,-83,3243843,2025-11-25 14:15:31 UTC,,,
0G1D8VKT3WYH0R4MD18SBT8PKA,-86,3243843,2025-11-25 14:16:22 UTC,,,
0G1D8VN8P6BFBQQ22MN0V77AMK,-80,3243843,2025-11-25 14:16:27 UTC,,,
0G1D8VS9NR7MR5JWY443Q5ABDQ,-79,3243843,2025-11-25 14:16:40 UTC,,,
0G1D8W4VKJPCB1A9XZ6NPX3F9W,-81,3243843,2025-11-25 14:17:18 UTC,,,
0G1D8W5RWQAD7H0NVWN72D58H9,-79,3243843,2025-11-25 14:17:21 UTC,,,
0G1D8W6SD43KSDANPE3V57V791,-80,3243843,2025-11-25 14:17:24 UTC,,,
0G1D8W916BW2BHQH7TZQXWFPVK,-83,3243843,2025-11-25 14:17:31 UTC,,,
0G1D8WBGNGSRQ9EE9S6RGFV1KE,-80,3243843,2025-11-25 14:17:39 UTC,,,
0G1D8WDDP02RM3KV6EV9R2TZ32,-81,3243843,2025-11-25 14:17:46 UTC,,,
0G1D8WFPT79S3EC700HAYBWT55,-82,3243843,2025-11-25 14:17:53 UTC,,,
0G1D8WGG4T1DADMB9MH9NZQE0W,-81,3243843,2025-11-25 14:17:56 UTC,,,
0G1D8WNSXWRXD7DTSXCEV88SRV,-83,3243843,2025-11-25 14:18:13 UTC,,,
0G1D8WR2H0WX2KGB61W5XY6B20,-81,3243843,2025-11-25 14:18:21 UTC,,,
0G1D8WTRM2N67KNC54QRT4BSDB,-81,3243843,2025-11-25 14:18:29 UTC,,,
0G1D8WXJTS9X9E2CEDB382P9K7,-82,3243843,2025-11-25 14:18:39 UTC,,,
0G1D8WZNNESCZ5XT5B5M1V21QR,-82,3243843,2025-11-25 14:18:46 UTC,,,
0G1D8X2FRV7XKTES35BZ87TBYB,-81,3243843,2025-11-25 14:18:55 UTC,,,
0G1D8X3C8Q4M1F4A8EZ6TX48ZY,-76,3243843,2025-11-25 14:18:58 UTC,,,
